qs-Critical,BettyRamirez,BettyRamirez@oktank.com
qs-HighlyConfidential,TrinhHartmann,TrinhHartmann@oktank.com
qs-BI-developer,KevinGunn,KevinGunn@oktank.com
qs-BI-Admin,JohnKing,JohnKing@oktank.com
qs-Power-reader,TeresitaRedd,TeresitaRedd@oktank.com
qs-Critical,StephenMoretz,StephenMoretz@oktank.com
qs-HighlyConfidential,MichaelBrown,MichaelBrown@oktank.com
qs-Critical,StevenLudwick,StevenLudwick@oktank.com
qs-HighlyConfidential,MarshallBanks,MarshallBanks@oktank.com
qs-Critical,TimothyMcgloin,TimothyMcgloin@oktank.com
qs-HighlyConfidential,ThomasYang,ThomasYang@oktank.com
qs-Critical,CatherineCimino,CatherineCimino@oktank.com
qs-HighlyConfidential,WayneMaxwell,WayneMaxwell@oktank.com
qs-BI-developer,AlbertPowers,AlbertPowers@oktank.com
qs-BI-Admin,JoyceKemp,JoyceKemp@oktank.com
qs-Power-reader,GretchenJoyce,GretchenJoyce@oktank.com